{"AUC": 0.7780758850437609, "confusion_matrix": {"_type": "image-file", "sha256": "4b7789ffc18b9820bab9df0b8deb90bd90e2bcfe7f913d9b3af5dc781cf26897", "size": 68009, "path": "media/images/confusion_matrix_0_4b7789ffc18b9820bab9.png", "format": "png", "width": 1000, "height": 1000}, "_timestamp": 1737672710.418773, "_runtime": 8.495862007141113, "_step": 0, "_wandb": {"runtime": 7}}